{
    "Classification": {
        "amazon_counterfactual_classification": {
            "macro_f1": 0.6214130966524566
        },
        "amazon_review_classification": {
            "macro_f1": 0.5127428912860463
        },
        "massive_intent_classification": {
            "macro_f1": 0.7085230519111091
        },
        "massive_scenario_classification": {
            "macro_f1": 0.8622036829599259
        }
    },
    "Reranking": {
        "esci": {
            "ndcg@10": 0.9303349187158247
        }
    },
    "Retrieval": {
        "jagovfaqs_22k": {
            "ndcg@10": 0.6411252958220891
        },
        "jaqket": {
            "ndcg@10": 0.49966509556428645
        },
        "mrtydi": {
            "ndcg@10": 0.36054822913647616
        },
        "nlp_journal_abs_intro": {
            "ndcg@10": 0.8520749151982298
        },
        "nlp_journal_title_abs": {
            "ndcg@10": 0.9526123412781002
        },
        "nlp_journal_title_intro": {
            "ndcg@10": 0.729906931983999
        }
    },
    "STS": {
        "jsick": {
            "spearman": 0.8150271836013705
        },
        "jsts": {
            "spearman": 0.786450077409501
        }
    },
    "Clustering": {
        "livedoor_news": {
            "v_measure_score": 0.5470075389200084
        },
        "mewsc16": {
            "v_measure_score": 0.391226933590049
        }
    },
    "PairClassification": {
        "paws_x_ja": {
            "binary_f1": 0.6219382321618744
        }
    }
}