{
    "Classification": {
        "amazon_counterfactual_classification": {
            "macro_f1": 0.7492232749031491
        },
        "amazon_review_classification": {
            "macro_f1": 0.5530707609927811
        },
        "massive_intent_classification": {
            "macro_f1": 0.7979144461303402
        },
        "massive_scenario_classification": {
            "macro_f1": 0.8683641924034757
        }
    },
    "Reranking": {
        "esci": {
            "ndcg@10": 0.9301469431250418
        }
    },
    "Retrieval": {
        "jagovfaqs_22k": {
            "ndcg@10": 0.6979374757372254
        },
        "jaqket": {
            "ndcg@10": 0.6729417850207029
        },
        "mrtydi": {
            "ndcg@10": 0.41858579533990486
        },
        "nlp_journal_abs_intro": {
            "ndcg@10": 0.9029337913460675
        },
        "nlp_journal_title_abs": {
            "ndcg@10": 0.9511153967130517
        },
        "nlp_journal_title_intro": {
            "ndcg@10": 0.7580448576047344
        }
    },
    "STS": {
        "jsick": {
            "spearman": 0.849637366944316
        },
        "jsts": {
            "spearman": 0.8095684318108997
        }
    },
    "Clustering": {
        "livedoor_news": {
            "v_measure_score": 0.5151536908540161
        },
        "mewsc16": {
            "v_measure_score": 0.45782610528001805
        }
    },
    "PairClassification": {
        "paws_x_ja": {
            "binary_f1": 0.623716814159292
        }
    }
}
