{
    "Classification": {
        "amazon_counterfactual_classification": {
            "macro_f1": 0.7528271196943096
        },
        "amazon_review_classification": {
            "macro_f1": 0.5561679575066396
        },
        "massive_intent_classification": {
            "macro_f1": 0.8058990735631814
        },
        "massive_scenario_classification": {
            "macro_f1": 0.8729457394926279
        }
    },
    "Reranking": {
        "esci": {
            "ndcg@10": 0.9289703513027785
        }
    },
    "Retrieval": {
        "jagovfaqs_22k": {
            "ndcg@10": 0.6842208748694516
        },
        "jaqket": {
            "ndcg@10": 0.666162910609933
        },
        "mrtydi": {
            "ndcg@10": 0.3679312414893066
        },
        "nlp_journal_abs_intro": {
            "ndcg@10": 0.8961561684616985
        },
        "nlp_journal_title_abs": {
            "ndcg@10": 0.9465973412523236
        },
        "nlp_journal_title_intro": {
            "ndcg@10": 0.7514787290834406
        }
    },
    "STS": {
        "jsick": {
            "spearman": 0.8499279029619572
        },
        "jsts": {
            "spearman": 0.8150603412605322
        }
    },
    "Clustering": {
        "livedoor_news": {
            "v_measure_score": 0.5165568486237136
        },
        "mewsc16": {
            "v_measure_score": 0.4970285237567235
        }
    },
    "PairClassification": {
        "paws_x_ja": {
            "binary_f1": 0.6239830208701804
        }
    }
}