{
    "Classification": {
        "amazon_counterfactual_classification": {
            "macro_f1": 0.7789727938896414
        },
        "amazon_review_classification": {
            "macro_f1": 0.6043632319384946
        },
        "massive_intent_classification": {
            "macro_f1": 0.8090871295952566
        },
        "massive_scenario_classification": {
            "macro_f1": 0.9108443051510002
        }
    },
    "Reranking": {
        "esci": {
            "ndcg@10": 0.9358042266852659
        }
    },
    "Retrieval": {
        "jagovfaqs_22k": {
            "ndcg@10": 0.7240937077183436
        },
        "jaqket": {
            "ndcg@10": 0.48208863565793814
        },
        "mrtydi": {
            "ndcg@10": 0.3488438390945784
        },
        "nlp_journal_abs_intro": {
            "ndcg@10": 0.9932811349540317
        },
        "nlp_journal_title_abs": {
            "ndcg@10": 0.9655113335080678
        },
        "nlp_journal_title_intro": {
            "ndcg@10": 0.9547126796600445
        }
    },
    "STS": {
        "jsick": {
            "spearman": 0.8126909906411093
        },
        "jsts": {
            "spearman": 0.8376863979620452
        }
    },
    "Clustering": {
        "livedoor_news": {
            "v_measure_score": 0.05018478985401151
        },
        "mewsc16": {
            "v_measure_score": 0.4955424351458981
        }
    },
    "PairClassification": {
        "paws_x_ja": {
            "binary_f1": 0.6234502302515055
        }
    }
}