{
    "Classification": {
        "amazon_counterfactual_classification": {
            "macro_f1": 0.7000818608185178
        },
        "amazon_review_classification": {
            "macro_f1": 0.5592259673654241
        },
        "massive_intent_classification": {
            "macro_f1": 0.7766119663088307
        },
        "massive_scenario_classification": {
            "macro_f1": 0.8866536867311439
        }
    },
    "Reranking": {
        "esci": {
            "ndcg@10": 0.9291728102678644
        }
    },
    "Retrieval": {
        "jagovfaqs_22k": {
            "ndcg@10": 0.640150048193537
        },
        "jaqket": {
            "ndcg@10": 0.3394304922804131
        },
        "mrtydi": {
            "ndcg@10": 0.2002984123046011
        },
        "nlp_journal_abs_intro": {
            "ndcg@10": 0.9846617848570168
        },
        "nlp_journal_title_abs": {
            "ndcg@10": 0.9170440283351765
        },
        "nlp_journal_title_intro": {
            "ndcg@10": 0.9017272741306225
        }
    },
    "STS": {
        "jsick": {
            "spearman": 0.8083062989093882
        },
        "jsts": {
            "spearman": 0.7808357024283473
        }
    },
    "Clustering": {
        "livedoor_news": {
            "v_measure_score": 0.051323988942160705
        },
        "mewsc16": {
            "v_measure_score": 0.4755374215259236
        }
    },
    "PairClassification": {
        "paws_x_ja": {
            "binary_f1": 0.6227417640807651
        }
    }
}