{
    "Classification": {
        "amazon_counterfactual_classification": {
            "macro_f1": 0.7882733929438857
        },
        "amazon_review_classification": {
            "macro_f1": 0.5933239824757218
        },
        "massive_intent_classification": {
            "macro_f1": 0.7765343277120157
        },
        "massive_scenario_classification": {
            "macro_f1": 0.8974174944345525
        }
    },
    "Reranking": {
        "esci": {
            "ndcg@10": 0.9271464336251287
        }
    },
    "Retrieval": {
        "jagovfaqs_22k": {
            "ndcg@10": 0.7149884473155108
        },
        "jaqket": {
            "ndcg@10": 0.46484206025698144
        },
        "mrtydi": {
            "ndcg@10": 0.4544765083850943
        },
        "nlp_journal_abs_intro": {
            "ndcg@10": 0.9843205562446103
        },
        "nlp_journal_title_abs": {
            "ndcg@10": 0.9561509620323349
        },
        "nlp_journal_title_intro": {
            "ndcg@10": 0.9385000684351988
        }
    },
    "STS": {
        "jsick": {
            "spearman": 0.781637470000662
        },
        "jsts": {
            "spearman": 0.8193234425217734
        }
    },
    "Clustering": {
        "livedoor_news": {
            "v_measure_score": 0.5472248713636514
        },
        "mewsc16": {
            "v_measure_score": 0.4818974386694296
        }
    },
    "PairClassification": {
        "paws_x_ja": {
            "binary_f1": 0.623716814159292
        }
    }
}
