{
    "Classification": {
        "amazon_counterfactual_classification": {
            "macro_f1": 0.7565022696601644
        },
        "amazon_review_classification": {
            "macro_f1": 0.5131771609073525
        },
        "massive_intent_classification": {
            "macro_f1": 0.7427818411370812
        },
        "massive_scenario_classification": {
            "macro_f1": 0.8609512679368835
        }
    },
    "Reranking": {
        "esci": {
            "ndcg@10": 0.901984958764163
        }
    },
    "Retrieval": {
        "jagovfaqs_22k": {
            "ndcg@10": 0.2511106863952595
        },
        "jaqket": {
            "ndcg@10": 0.21606007987072834
        },
        "mrtydi": {
            "ndcg@10": 0.027590779174942116
        },
        "nlp_journal_abs_intro": {
            "ndcg@10": 0.2848558252647936
        },
        "nlp_journal_title_abs": {
            "ndcg@10": 0.3646520309406354
        },
        "nlp_journal_title_intro": {
            "ndcg@10": 0.11545016260271045
        }
    },
    "STS": {
        "jsick": {
            "spearman": 0.7236409557069434
        },
        "jsts": {
            "spearman": 0.7843597058304203
        }
    },
    "Clustering": {
        "livedoor_news": {
            "v_measure_score": 0.24487129939212224
        },
        "mewsc16": {
            "v_measure_score": 0.304278393205056
        }
    },
    "PairClassification": {
        "paws_x_ja": {
            "binary_f1": 0.6219686162624821
        }
    }
}