{
    "Classification": {
        "amazon_counterfactual_classification": {
            "macro_f1": 0.7005147244958231
        },
        "amazon_review_classification": {
            "macro_f1": 0.5263680453119501
        },
        "massive_intent_classification": {
            "macro_f1": 0.7983787583297884
        },
        "massive_scenario_classification": {
            "macro_f1": 0.8709593192703351
        }
    },
    "Reranking": {
        "esci": {
            "ndcg@10": 0.9268625513429571
        }
    },
    "Retrieval": {
        "jagovfaqs_22k": {
            "ndcg@10": 0.6595934642903105
        },
        "jaqket": {
            "ndcg@10": 0.6533452086105761
        },
        "mrtydi": {
            "ndcg@10": 0.36731170141136216
        },
        "nlp_journal_abs_intro": {
            "ndcg@10": 0.9553567926226499
        },
        "nlp_journal_title_abs": {
            "ndcg@10": 0.940828991756893
        },
        "nlp_journal_title_intro": {
            "ndcg@10": 0.8163161967769845
        }
    },
    "STS": {
        "jsick": {
            "spearman": 0.8383455453168481
        },
        "jsts": {
            "spearman": 0.7895388048564987
        }
    },
    "Clustering": {
        "livedoor_news": {
            "v_measure_score": 0.5861760622672214
        },
        "mewsc16": {
            "v_measure_score": 0.4784844036038961
        }
    },
    "PairClassification": {
        "paws_x_ja": {
            "binary_f1": 0.6173974540311173
        }
    }
}
