{
    "Classification": {
        "amazon_counterfactual_classification": {
            "macro_f1": 0.706580687830688
        },
        "amazon_review_classification": {
            "macro_f1": 0.5653992303516462
        },
        "massive_intent_classification": {
            "macro_f1": 0.7577710251429624
        },
        "massive_scenario_classification": {
            "macro_f1": 0.8859090262583831
        }
    },
    "Reranking": {
        "esci": {
            "ndcg@10": 0.9296254722183955
        }
    },
    "Retrieval": {
        "jagovfaqs_22k": {
            "ndcg@10": 0.7030214336558751
        },
        "jaqket": {
            "ndcg@10": 0.5878065301444064
        },
        "mrtydi": {
            "ndcg@10": 0.4363167873386172
        },
        "nlp_journal_abs_intro": {
            "ndcg@10": 0.8600225120389309
        },
        "nlp_journal_title_abs": {
            "ndcg@10": 0.9469712765040588
        },
        "nlp_journal_title_intro": {
            "ndcg@10": 0.7248023877969718
        }
    },
    "STS": {
        "jsick": {
            "spearman": 0.7840335060728089
        },
        "jsts": {
            "spearman": 0.8098724997856234
        }
    },
    "Clustering": {
        "livedoor_news": {
            "v_measure_score": 0.5713023706914878
        },
        "mewsc16": {
            "v_measure_score": 0.4534484706354193
        }
    },
    "PairClassification": {
        "paws_x_ja": {
            "binary_f1": 0.621496984746364
        }
    }
}