{
    "Classification": {
        "amazon_counterfactual_classification": {
            "macro_f1": 0.7635642561809131
        },
        "amazon_review_classification": {
            "macro_f1": 0.5275222511867922
        },
        "massive_intent_classification": {
            "macro_f1": 0.7688060073049678
        },
        "massive_scenario_classification": {
            "macro_f1": 0.8651446837233107
        }
    },
    "Reranking": {
        "esci": {
            "ndcg@10": 0.9129851570116734
        }
    },
    "Retrieval": {
        "jagovfaqs_22k": {
            "ndcg@10": 0.5014367709991477
        },
        "jaqket": {
            "ndcg@10": 0.4583812630740073
        },
        "mrtydi": {
            "ndcg@10": 0.13003320802922363
        },
        "nlp_journal_abs_intro": {
            "ndcg@10": 0.5508587506679636
        },
        "nlp_journal_title_abs": {
            "ndcg@10": 0.7497069192695408
        },
        "nlp_journal_title_intro": {
            "ndcg@10": 0.4524300499843447
        }
    },
    "STS": {
        "jsick": {
            "spearman": 0.7984403024596518
        },
        "jsts": {
            "spearman": 0.7813685476201204
        }
    },
    "Clustering": {
        "livedoor_news": {
            "v_measure_score": 0.5319881995988209
        },
        "mewsc16": {
            "v_measure_score": 0.4330807170988368
        }
    },
    "PairClassification": {
        "paws_x_ja": {
            "binary_f1": 0.6226614895870103
        }
    }
}